{
    "model": "gpt-4o",
    "costs": {
        "total": 0.0063636,
        "in": 0.0014244000000000001,
        "out": 0.0049392
    },
    "deck": []
}