{
    "total": 0.00441975,
    "in": 0.0008839500000000001,
    "out": 0.0035358000000000004
}